Code,Census subdivision,Type
2446005Abercorn,Abercorn,Village
1311026Aberdeen,Aberdeen,Parish
4706042Abernethy No. 186,Abernethy No. 186,Rural municipality
4804001Acadia No. 34,Acadia No. 34,Municipal district
1308024Acadieville,Acadieville,Parish
4805044Acme,Acme,Village
2448028Acton Vale,Acton Vale,Ville
3511035Addington Highlands,Addington Highlands,Township
3547043Admaston/Bromley,Admaston/Bromley,Township
4716860Ahtahkakoop 104,Ahtahkakoop 104,Indian reserve
5923047Alberni-Clayoquot A,Alberni-Clayoquot A,Regional district electoral area
5923049Alberni-Clayoquot C,Alberni-Clayoquot C,Regional district electoral area
1103052Alberton,Alberton,Town
3559011Alberton,Alberton,Township
2407025Albertville,Albertville,Municipalité
3514027Alderville First Nation,Alderville First Nation,Indian reserve
4601071Alexander,Alexander,Rural municipality
4813811Alexis 133,Alexis 133,Indian reserve
3546018Algonquin Highlands,Algonquin Highlands,Township
4808034Alix,Alix,Village
1306006Alma,Alma,Village
4603040Altona,Altona,Town
4715038Alvena,Alvena,Village
1211011Amherst,Amherst,Town
2478070Amherst,Amherst,Canton (municipalité de)
2488055Amos,Amos,Ville
2407047Amqui,Amqui,Ville
5941821Anahim's Flat 1,Anahim's Flat 1,Indian reserve
4810059Andrew,Andrew,Village
"1205009Annapolis, Subd. B","Annapolis, Subd. B",Subdivision of county municipality
"1205014Annapolis, Subd. C","Annapolis, Subd. C",Subdivision of county municipality
"1205001Annapolis, Subd. D","Annapolis, Subd. D",Subdivision of county municipality
4713016Antelope Park No. 322,Antelope Park No. 322,Rural municipality
1214002Antigonish,Antigonish,Town
"1214006Antigonish, Subd. B","Antigonish, Subd. B",Subdivision of county municipality
4714036Archerwill,Archerwill,Village
4604057Argyle,Argyle,Rural municipality
2419037Armagh,Armagh,Municipalité
3549019Armour,Armour,Township
4618037Armstrong,Armstrong,Rural municipality
1001270Arnold's Cove,Arnold's Cove,Town
1312002Aroostook,Aroostook,Village
3541043Arran-Elderslie,Arran-Elderslie,Municipality
2478060Arundel,Arundel,Canton (municipalité de)
2440043Asbestos,Asbestos,Ville
5933019Ashcroft,Ashcroft,Village
3540063Ashfield-Colborne-Wawanosh,Ashfield-Colborne-Wawanosh,Township
3551011Assiginack,Assiginack,Township
4706810Assiniboine 76,Assiniboine 76,Indian reserve
2450013Aston-Jonction,Aston-Jonction,Municipalité
4813044Athabasca County,Athabasca County,Municipal district
2430055Audet,Audet,Municipalité
2483090Aumond,Aumond,Canton (municipalité de)
2487050Authier,Authier,Municipalité
2487100Authier-Nord,Authier-Nord,Municipalité
5949819Babine 17,Babine 17,Indian reserve
1008079Baie Verte,Baie Verte,Town
2450100Baie-du-Febvre,Baie-du-Febvre,Municipalité
2416013Baie-Saint-Paul,Baie-Saint-Paul,Ville
4706047Balcarres,Balcarres,Town
3552028Baldwin,Baldwin,Township
3512061Bancroft,Bancroft,Town
4815035Banff,Banff,Town
2444045Barnston-Ouest,Barnston-Ouest,Municipalité
4802023Barnwell,Barnwell,Village
2488022Barraute,Barraute,Municipalité
4813019Barrhead,Barrhead,Town
4813018Barrhead County No. 11,Barrhead County No. 11,Municipal district
4714034Barrier Valley No. 397,Barrier Valley No. 397,Rural municipality
5933074Barriere,Barriere,District municipality
4810002Bashaw,Bashaw,Town
1002027Bay L'Argent,Bay L'Argent,Town
4715011Bayne No. 371,Bayne No. 371,Rural municipality
1008040Baytona,Baytona,Town
4715845Beardy's 97 and Okemasis 96,Beardy's 97 and Okemasis 96,Indian reserve
2427028Beauceville,Beauceville,Ville
2431008Beaulac-Garthby,Beaulac-Garthby,Municipalité
4612056Beausejour,Beausejour,Town
4717062Beaver River No. 622,Beaver River No. 622,Rural municipality
2446035Bedford,Bedford,Ville
2446040Bedford,Bedford,Canton (municipalité de)
2489050Belcourt,Belcourt,Municipalité
1314025Belledune,Belledune,Village
1003004Belleoram,Belleoram,Town
2485065Belleterre,Belleterre,Ville
4701027Benson No. 35,Benson No. 35,Rural municipality
2418065Berthier-sur-Mer,Berthier-sur-Mer,Municipalité
2452035Berthierville,Berthierville,Ville
1315036Bertrand,Bertrand,Village
1207004Berwick,Berwick,Town
2413055Biencourt,Biencourt,Municipalité
4711006Big Arm No. 251,Big Arm No. 251,Rural municipality
4716072Big River,Big River,Town
4716075Big River No. 555,Big River No. 555,Rural municipality
4712046Biggar,Biggar,Town
4819049Birch Hills County,Birch Hills County,Municipal district
4705055Bird's Point,Bird's Point,Resort village
4714041Bjorkdale,Bjorkdale,Village
3556014Black River-Matheson,Black River-Matheson,Township
1302012Blacks Harbour,Blacks Harbour,Village
4716016Blaine Lake,Blaine Lake,Town
4716013Blaine Lake No. 434,Blaine Lake No. 434,Rural municipality
3557038Blind River,Blind River,Town
1309021Blissfield,Blissfield,Parish
4803802Blood 148,Blood 148,Indian reserve
3540010Bluewater,Bluewater,Municipality
2480115Boileau,Boileau,Municipalité
5933812Bonaparte 3,Bonaparte 3,Indian reserve
3547035Bonnechere Valley,Bonnechere Valley,Township
4812009Bonnyville,Bonnyville,Town
4812004Bonnyville No. 87,Bonnyville No. 87,Municipal district
1103005Borden-Carleton,Borden-Carleton,Town
1307004Botsford,Botsford,Parish
2483050Bouchette,Bouchette,Municipalité
1308005Bouctouche,Bouctouche,Town
4801014Bow Island,Bow Island,Town
4813046Boyle,Boyle,Village
3544018Bracebridge,Bracebridge,Town
4811032Brazeau County,Brazeau County,Municipal district
2478075Brébeuf,Brébeuf,Paroisse (municipalité de)
1008077Brent's Cove,Brent's Cove,Town
4706018Briercrest,Briercrest,Village
3538015Brooke-Alvinston,Brooke-Alvinston,Municipality
4701031Browning No. 34,Browning No. 34,Rural municipality
"3547020Brudenell, Lyndoch and Raglan","Brudenell, Lyndoch and Raglan",Township
4715012Bruno,Bruno,Town
1001375Bryant's Cove,Bryant's Cove,Town
2484025Bryson,Bryson,Municipalité
4706052B-Say-Tah,B-Say-Tah,Resort village
1006031Buchans,Buchans,Town
4718070Buffalo Narrows,Buffalo Narrows,Northern village
4713068Buffalo No. 409,Buffalo No. 409,Rural municipality
4718818Buffalo River Dene Nation 193 (Peter Pond Lake 193),Buffalo River Dene Nation 193 (Peter Pond Lake 193),Indian reserve
5951019Bulkley-Nechako F,Bulkley-Nechako F,Regional district electoral area
1002005Burin,Burin,Town
3549022Burk's Falls,Burk's Falls,Village
1003033Burnt Islands,Burnt Islands,Town
4708062Burstall,Burstall,Town
1303011Burton,Burton,Parish
4708032Cabri,Cabri,Town
5933024Cache Creek,Cache Creek,Village
4709001Calder No. 241,Calder No. 241,Rural municipality
4702066Caledonia No. 99,Caledonia No. 99,Rural municipality
1304011Cambridge,Cambridge,Parish
1304013Cambridge-Narrows,Cambridge-Narrows,Village
2484030Campbell's Bay,Campbell's Bay,Municipalité
1008037Campbellton,Campbellton,Town
4707058Canaan No. 225,Canaan No. 225,Rural municipality
4718817Canoe Lake 165,Canoe Lake 165,Indian reserve
4709032Canora,Canora,Town
1310011Canterbury,Canterbury,Parish
4716052Canwood,Canwood,Village
4716051Canwood No. 494,Canwood No. 494,Rural municipality
2404047Cap-Chat,Cap-Chat,Ville
1001126Cape Broyle,Cape Broyle,Town
1004033Cape St. George,Cape St. George,Town
5917027Saltspring Island,Saltspring Island,Regional district electoral area
5917029Southern Gulf Islands,Southern Gulf Islands,Regional district electoral area
1307007Cap-Pelé,Cap-Pelé,Village
2418045Cap-Saint-Ignace,Cap-Saint-Ignace,Municipalité
4607068Carberry,Carberry,Town
1001370Carbonear,Carbonear,Town
4803001Cardston County,Cardston County,Municipal district
1305026Cardwell,Cardwell,Parish
5941015Cariboo G,Cariboo G,Regional district electoral area
5941016Cariboo H,Cariboo H,Regional district electoral area
5941039Cariboo J,Cariboo J,Regional district electoral area
5941041Cariboo K,Cariboo K,Regional district electoral area
5941017Cariboo L,Cariboo L,Regional district electoral area
4701004Carievale,Carievale,Village
1308026Carleton,Carleton,Parish
2406013Carleton-sur-Mer,Carleton-sur-Mer,Ville
3549036Carling,Carling,Township
3512065Carlow/Mayo,Carlow/Mayo,Township
4603074Carman,Carman,Town
4805002Carmangay,Carmangay,Village
4704056Carmichael,Carmichael,Village
4809010Caroline,Caroline,Village
2405077Cascapédia--Saint-Jules,Cascapédia--Saint-Jules,Municipalité
5903045Castlegar,Castlegar,City
2407018Causapscal,Causapscal,Ville
4707054Central Butte,Central Butte,Town
3540025Central Huron,Central Huron,Municipality
5903010Central Kootenay A,Central Kootenay A,Regional district electoral area
5903039Central Kootenay D,Central Kootenay D,Regional district electoral area
5903047Central Kootenay G,Central Kootenay G,Regional district electoral area
5903052Central Kootenay H,Central Kootenay H,Regional district electoral area
5903056Central Kootenay I,Central Kootenay I,Regional district electoral area
5903058Central Kootenay J,Central Kootenay J,Regional district electoral area
1007050Centreville-Wareham-Trinity,Centreville-Wareham-Trinity,Town
3554054Chamberlain,Chamberlain,Township
2491020Chambord,Chambord,Municipalité
4805004Champion,Champion,Village
2488005Champneuf,Champneuf,Municipalité
1001289Chapel Arm,Chapel Arm,Town
1216014Chapel Island 5,Chapel Island 5,Indian reserve
3552092Chapleau,Chapleau,Township
4707031Chaplin,Chaplin,Village
2441020Chartierville,Chartierville,Municipalité
2487095Chazel,Chazel,Municipalité
5909839Chehalis 5,Chehalis 5,Indian reserve
5919804Chemainus 13,Chemainus 13,Indian reserve
2480103Chénéville,Chénéville,Municipalité
4708065Chesterfield No. 261,Chesterfield No. 261,Rural municipality
1304024Chipman,Chipman,Parish
1304025Chipman,Chipman,Village
4810062Chipman,Chipman,Village
4716077Chitek Lake,Chitek Lake,Resort village
3543069Christian Island 30,Christian Island 30,Indian reserve
4705094Churchbridge,Churchbridge,Town
2479065Chute-Saint-Philippe,Chute-Saint-Philippe,Municipalité
4615092Clanwilliam-Erickson,Clanwilliam-Erickson,Municipality
2484015Clarendon,Clarendon,Municipalité
4803022Claresholm,Claresholm,Town
4709067Clayton No. 333,Clayton No. 333,Rural municipality
5933067Clearwater,Clearwater,District municipality
4809002Clearwater County,Clearwater County,Municipal district
2487110Clermont,Clermont,Canton (municipalité de)
2487075Clerval,Clerval,Municipalité
2442110Cleveland,Cleveland,Canton (municipalité de)
4813032Clyde,Clyde,Village
1008092Coachman's Cove,Coachman's Cove,Town
4701016Coalfields No. 4,Coalfields No. 4,Rural municipality
2444037Coaticook,Coaticook,Ville
1314003Colborne,Colborne,Parish
4812810Cold Lake 149,Cold Lake 149,Indian reserve
4618044Coldwell,Coldwell,Rural municipality
2495050Colombier,Colombier,Municipalité
5939023Columbia-Shuswap B,Columbia-Shuswap B,Regional district electoral area
5939043Columbia-Shuswap E,Columbia-Shuswap E,Regional district electoral area
1001274Come By Chance,Come By Chance,Town
1008039Comfort Cove-Newstead,Comfort Cove-Newstead,Town
4804022Consort,Consort,Village
1005014Cormack,Cormack,Town
4807012Coronation,Coronation,Town
2498015Côte-Nord-du-Golfe-du-Saint-Laurent,Côte-Nord-du-Golfe-du-Saint-Laurent,Municipalité
4707018Coulee No. 136,Coulee No. 136,Rural municipality
1009016Cow Head,Cow Head,Town
4705803Cowessess 73,Cowessess 73,Indian reserve
1102034Crapaud,Crapaud,Community
4815007Crowsnest Pass,Crowsnest Pass,Specialized municipality
4715041Cudworth,Cudworth,Town
4718801Cumberland House Cree Nation 20,Cumberland House Cree Nation 20,Indian reserve
"1211001Cumberland, Subd. A","Cumberland, Subd. A",Subdivision of county municipality
"1211009Cumberland, Subd. C","Cumberland, Subd. C",Subdivision of county municipality
"1211014Cumberland, Subd. D","Cumberland, Subd. D",Subdivision of county municipality
4706091Cupar No. 218,Cupar No. 218,Rural municipality
4713098Cut Knife,Cut Knife,Town
4702037Cymri No. 36,Cymri No. 36,Rural municipality
1009015Daniel's Harbour,Daniel's Harbour,Town
2440047Danville,Danville,Ville
2439155Daveluyville,Daveluyville,Ville
4711014Davidson,Davidson,Town
4710824Day Star 87,Day Star 87,Indian reserve
4807039Daysland,Daysland,Town
4602032De Salaberry,De Salaberry,Rural municipality
3547096Deep River,Deep River,Town
1005004Deer Lake,Deer Lake,Town
2413005Dégelis,Dégelis,Ville
2493005Desbiens,Desbiens,Ville
2438070Deschaillons-sur-Saint-Laurent,Deschaillons-sur-Saint-Laurent,Municipalité
2434058Deschambault-Grondines,Deschambault-Grondines,Municipalité
4806032Didsbury,Didsbury,Town
4712016Dinsmore,Dinsmore,Village
"1001259Division No. 1, Subd. A","Division No. 1, Subd. A",Subdivision of unorganized
"1001565Division No. 1, Subd. D","Division No. 1, Subd. D",Subdivision of unorganized
"1001304Division No. 1, Subd. E","Division No. 1, Subd. E",Subdivision of unorganized
"1001321Division No. 1, Subd. F","Division No. 1, Subd. F",Subdivision of unorganized
"1001339Division No. 1, Subd. G","Division No. 1, Subd. G",Subdivision of unorganized
"1001357Division No. 1, Subd. H","Division No. 1, Subd. H",Subdivision of unorganized
"1001374Division No. 1, Subd. I","Division No. 1, Subd. I",Subdivision of unorganized
"1001203Division No. 1, Subd. X","Division No. 1, Subd. X",Subdivision of unorganized
"1001293Division No. 1, Subd. Y","Division No. 1, Subd. Y",Subdivision of unorganized
"1002031Division No. 2, Subd. C","Division No. 2, Subd. C",Subdivision of unorganized
"1002001Division No. 2, Subd. E","Division No. 2, Subd. E",Subdivision of unorganized
"1002026Division No. 2, Subd. I","Division No. 2, Subd. I",Subdivision of unorganized
"1002048Division No. 2, Subd. K","Division No. 2, Subd. K",Subdivision of unorganized
"1003014Division No. 3, Subd. D","Division No. 3, Subd. D",Subdivision of unorganized
"1003024Division No. 3, Subd. F","Division No. 3, Subd. F",Subdivision of unorganized
"1003042Division No. 3, Subd. J","Division No. 3, Subd. J",Subdivision of unorganized
"1004001Division No. 4, Subd. A","Division No. 4, Subd. A",Subdivision of unorganized
"1004006Division No. 4, Subd. B","Division No. 4, Subd. B",Subdivision of unorganized
"1004011Division No. 4, Subd. C","Division No. 4, Subd. C",Subdivision of unorganized
"1004016Division No. 4, Subd. D","Division No. 4, Subd. D",Subdivision of unorganized
"1004022Division No. 4, Subd. E","Division No. 4, Subd. E",Subdivision of unorganized
"1005001Division No. 5, Subd. A","Division No. 5, Subd. A",Subdivision of unorganized
"1005007Division No. 5, Subd. E","Division No. 5, Subd. E",Subdivision of unorganized
"1007031Division No. 7, Subd. E","Division No. 7, Subd. E",Subdivision of unorganized
"1008074Division No. 8, Subd. A","Division No. 8, Subd. A",Subdivision of unorganized
"1008058Division No. 8, Subd. C","Division No. 8, Subd. C",Subdivision of unorganized
"1008046Division No. 8, Subd. E","Division No. 8, Subd. E",Subdivision of unorganized
"1008042Division No. 8, Subd. F","Division No. 8, Subd. F",Subdivision of unorganized
"1008036Division No. 8, Subd. G","Division No. 8, Subd. G",Subdivision of unorganized
"1008031Division No. 8, Subd. H","Division No. 8, Subd. H",Subdivision of unorganized
"1009021Division No. 9, Subd. C","Division No. 9, Subd. C",Subdivision of unorganized
"1009031Division No. 9, Subd. D","Division No. 9, Subd. D",Subdivision of unorganized
"4718090Division No. 18, Unorganized","Division No. 18, Unorganized",Unorganized
"4619045Division No. 19, Unorganized","Division No. 19, Unorganized",Unorganized
2444023Dixville,Dixville,Municipalité
1309022Doaktown,Doaktown,Village
3549077Dokis 9,Dokis 9,Indian reserve
4807029Donalda,Donalda,Village
4819044Donnelly,Donnelly,Village
2433040Dosquet,Dosquet,Municipalité
4716023Douglas No. 436,Douglas No. 436,Rural municipality
1007057Dover,Dover,Town
4706019Drinkwater,Drinkwater,Village
3557079Dubreuilville,Dubreuilville,Township
4715062Duck Lake,Duck Lake,Town
4603072Dufferin,Dufferin,Rural municipality
1302044Dumbarton,Dumbarton,Parish
2469075Dundee,Dundee,Canton (municipalité de)
2487085Dupuy,Dupuy,Municipalité
1314001Durham,Durham,Parish
2449015Durham-Sud,Durham-Sud,Municipalité
3546024Dysart et al,Dysart et al,Municipality
3560032Ear Falls,Ear Falls,Township
4706079Earl Grey,Earl Grey,Village
2444010East Hereford,East Hereford,Municipalité
5901019East Kootenay B,East Kootenay B,Regional district electoral area
5901046East Kootenay F,East Kootenay F,Regional district electoral area
5955801East Moberly Lake 169,East Moberly Lake 169,Indian reserve
1007042Eastport,Eastport,Town
4808024Eckville,Eckville,Town
4717011Edam,Edam,Village
1314010Eel River 3,Eel River 3,Indian reserve
2499060Eeyou Istchee Baie-James,Eeyou Istchee Baie-James,Municipalité
4711019Elbow,Elbow,Village
4717017Eldon No. 471,Eldon No. 471,Rural municipality
1007020Elliston,Elliston,Town
1008043Embree,Embree,Town
4602024Emerson-Franklin,Emerson-Franklin,Municipality
5937802Enderby 2,Enderby 2,Indian reserve
3554052Englehart,Englehart,Town
4811801Ermineskin 138,Ermineskin 138,Indian reserve
1309044Esgenoôpetitj 14,Esgenoôpetitj 14,Indian reserve
3552026Espanola,Espanola,Town
2410005Esprit-Saint,Esprit-Saint,Municipalité
4708076Eston,Eston,Town
4707049Eyebrow,Eyebrow,Village
4707047Eyebrow No. 193,Eyebrow No. 193,Rural municipality
4618067Fairford (Part) 50,Fairford (Part) 50,Indian reserve
3512058Faraday,Faraday,Township
2480005Fassett,Fassett,Municipalité
3556052Fauquier-Strickland,Fauquier-Strickland,Township
2479097Ferme-Neuve,Ferme-Neuve,Municipalité
1001149Ferryland,Ferryland,Town
4702076Fillmore No. 96,Fillmore No. 96,Rural municipality
4715036Fish Creek No. 402,Fish Creek No. 402,Rural municipality
4710826Fishing Lake 89,Fishing Lake 89,Indian reserve
4715051Flett's Springs No. 429,Flett's Springs No. 429,Rural municipality
1008075Fleur de Lys,Fleur de Lys,Town
4717805Flying Dust First Nation 105 (Meadow Lake 105),Flying Dust First Nation 105 (Meadow Lake 105),Indian reserve
4710038Foam Lake,Foam Lake,Town
4801009Foremost,Foremost,Village
4807036Forestburg,Forestburg,Village
2495045Forestville,Forestville,Ville
4803019Fort Macleod,Fort Macleod,Town
4706051Fort Qu'Appelle,Fort Qu'Appelle,Town
4706045Fort San,Fort San,Resort village
2484060Fort-Coulonge,Fort-Coulonge,Village
2438047Fortierville,Fortierville,Municipalité
1002018Fortune,Fortune,Town
4801008Forty Mile County No. 8,Forty Mile County No. 8,Municipal district
1002025Fox Cove-Mortier,Fox Cove-Mortier,Town
4818002Fox Creek,Fox Creek,Town
4708026Fox Valley,Fox Valley,Village
2469010Franklin,Franklin,Municipalité
5909014Fraser Valley A,Fraser Valley A,Regional district electoral area
5953046Fraser-Fort George E,Fraser-Fort George E,Regional district electoral area
5953050Fraser-Fort George G,Fraser-Fort George G,Regional district electoral area
5953019Fraser-Fort George H,Fraser-Fort George H,Regional district electoral area
3549076French River 13,French River 13,Indian reserve
4717032Frenchman Butte No. 501,Frenchman Butte No. 501,Rural municipality
2430025Frontenac,Frontenac,Municipalité
4704011Frontier No. 19,Frontier No. 19,Rural municipality
2485055Fugèreville,Fugèreville,Municipalité
1304004Gagetown,Gagetown,Parish
1001174Gaskiers-Point La Haye,Gaskiers-Point La Haye,Town
1101024Georgetown,Georgetown,Town
3544065Georgian Bay,Georgian Bay,Township
5929005Gibsons,Gibsons,Town
4618031Gimli,Gimli,Rural municipality
2492055Girardville,Girardville,Municipalité
4819048Girouxville,Girouxville,Village
4717048Glaslyn,Glaslyn,Village
4703064Glen Bain No. 105,Glen Bain No. 105,Rural municipality
4705021Glenavon,Glenavon,Village
4607039Glenboro-South Cypress,Glenboro-South Cypress,Municipality
4711029Glenside,Glenside,Village
4712069Glenside No. 377,Glenside No. 377,Rural municipality
1007044Glovertown,Glovertown,Town
2496010Godbout,Godbout,Village
2469060Godmanchester,Godmanchester,Canton (municipalité de)
5924025Gold River,Gold River,Village
5939007Golden,Golden,Town
4710823Gordon 86,Gordon 86,Indian reserve
2483032Gracefield,Gracefield,Ville
1002019Grand Bank,Grand Bank,Town
4621025Grand Rapids,Grand Rapids,Town
1315038Grande-Anse,Grande-Anse,Village
2409060Grand-Métis,Grand-Métis,Municipalité
2450065Grand-Saint-Esprit,Grand-Saint-Esprit,Municipalité
5951032Granisle,Granisle,Village
4715014Grant No. 372,Grant No. 372,Rural municipality
4803021Granum,Granum,Town
3544002Gravenhurst,Gravenhurst,Town
4705057Grayson No. 184,Grayson No. 184,Rural municipality
4716008Great Bend No. 405,Great Bend No. 405,Rural municipality
4818015Greenview No. 16,Greenview No. 16,Municipal district
5905042Greenwood,Greenwood,City
4609018Grey,Grey,Rural municipality
3542015Grey Highlands,Grey Highlands,Municipality
4708011Gull Lake,Gull Lake,Town
4708009Gull Lake No. 139,Gull Lake No. 139,Rural municipality
4615037Hamiota,Hamiota,Municipality
2439010Ham-Nord,Ham-Nord,Canton (municipalité de)
1005008Hampden,Hampden,Town
2441075Hampden,Hampden,Canton (municipalité de)
1304006Hampstead,Hampstead,Parish
2440005Ham-Sud,Ham-Sud,Municipalité
3542029Hanover,Hanover,Town
1003008Harbour Breton,Harbour Breton,Town
1001379Harbour Grace,Harbour Grace,Town
1007049Hare Bay,Hare Bay,Town
2476065Harrington,Harrington,Canton (municipalité de)
4712029Harris No. 316,Harris No. 316,Rural municipality
4615070Harrison Park,Harrison Park,Municipality
1306004Harvey,Harvey,Parish
3512076Hastings Highlands,Hastings Highlands,Municipality
1305028Havelock,Havelock,Parish
2469005Havelock,Havelock,Canton (municipalité de)
4708029Hazlet,Hazlet,Village
"3547098Head, Clara and Maria","Head, Clara and Maria",Township
1001312Heart's Delight-Islington,Heart's Delight-Islington,Town
4807038Heisler,Heisler,Village
2468010Hemmingford,Hemmingford,Village
4707026Herbert,Herbert,Town
3546005Highlands East,Highlands East,Municipality
4803008Hill Spring,Hill Spring,Village
3554034Hilliard,Hilliard,Township
4713092Hillsdale No. 440,Hillsdale No. 440,Rural municipality
2469045Hinchinbrooke,Hinchinbrooke,Municipalité
4817064Hines Creek,Hines Creek,Village
4707016Hodgeville,Hodgeville,Village
2419070Honfleur,Honfleur,Municipalité
4715039Hoodoo No. 401,Hoodoo No. 401,Rural municipality
2405025Hope,Hope,Canton (municipalité de)
5909009Hope,Hope,District municipality
2405020Hope Town,Hope Town,Municipalité
4819815Horse Lakes 152B,Horse Lakes 152B,Indian reserve
3540046Howick,Howick,Township
2469055Huntingdon,Huntingdon,Ville
3540040Huron East,Huron East,Municipality
3557035Huron Shores,Huron Shores,Municipality
4805019Hussar,Hussar,Village
4819008Hythe,Hythe,Village
4718067Île-à-la-Crosse,Île-à-la-Crosse,Northern village
1007067Indian Bay,Indian Bay,Town
1208014Indian Brook 14,Indian Brook 14,Indian reserve
4706039Indian Head,Indian Head,Town
4706038Indian Head No. 156,Indian Head No. 156,Rural municipality
1315024Inkerman,Inkerman,Parish
4808008Innisfail,Innisfail,Town
4709023Insinger No. 275,Insinger No. 275,Rural municipality
4715054Invergordon No. 430,Invergordon No. 430,Rural municipality
4709054Invermay No. 305,Invermay No. 305,Rural municipality
5901039Invermere,Invermere,District municipality
2432058Inverness,Inverness,Municipalité
"1215001Inverness, Subd. C","Inverness, Subd. C",Subdivision of county municipality
3556031Iroquois Falls,Iroquois Falls,Town
4710004Ituna,Ituna,Town
4710003Ituna Bon Accord No. 246,Ituna Bon Accord No. 246,Rural municipality
2478042Ivry-sur-le-Lac,Ivry-sur-le-Lac,Municipalité
1005005Jackson's Arm,Jackson's Arm,Town
3557016Johnson,Johnson,Township
1304014Johnston,Johnston,Parish
3549051Joly,Joly,Township
2414050Kamouraska,Kamouraska,Municipalité
5903023Kaslo,Kaslo,Village
4706050Katepwa,Katepwa,Resort village
3549018Kearney,Kearney,Town
1314020Kedgwick,Kedgwick,Rural community
4709820Keeseekoose 66,Keeseekoose 66,Indian reserve
4812811Kehewin 123,Kehewin 123,Indian reserve
4714022Kelvington,Kelvington,Town
4711036Kenaston,Kenaston,Village
"3560090Kenora, Unorganized","Kenora, Unorganized",Unorganized
1103014Kensington,Kensington,Town
5907009Keremeos,Keremeos,Village
3538056Kettle Point 44,Kettle Point 44,Indian reserve
4702057Key West No. 70,Key West No. 70,Rural municipality
4709046Keys No. 303,Keys No. 303,Rural municipality
"3547033Killaloe, Hagarty and Richards","Killaloe, Hagarty and Richards",Township
3552036Killarney,Killarney,Municipality
4605025Killarney - Turtle Mountain,Killarney - Turtle Mountain,Rural municipality
5901028Kimberley,Kimberley,City
4707066King George No. 256,King George No. 256,Rural municipality
"1207001Kings, Subd. A","Kings, Subd. A",Subdivision of county municipality
2442070Kingsbury,Kingsbury,Village
2439097Kingsey Falls,Kingsey Falls,Ville
4715071Kinistino No. 459,Kinistino No. 459,Rural municipality
2485010Kipawa,Kipawa,Municipalité
1004020Kippens,Kippens,Town
5949813Kispiox 1,Kispiox 1,Indian reserve
5949005Kitimat,Kitimat,District municipality
5949028Kitimat-Stikine B,Kitimat-Stikine B,Regional district electoral area
5949041Kitimat-Stikine D,Kitimat-Stikine D,Regional district electoral area
4805041Kneehill County,Kneehill County,Municipal district
5905054Kootenay Boundary E / West Boundary,Kootenay Boundary E / West Boundary,Regional district electoral area
2490017La Bostonnais,La Bostonnais,Municipalité
2478115La Conception,La Conception,Municipalité
2429030La Guadeloupe,La Guadeloupe,Village
2479047La Macaza,La Macaza,Municipalité
2404030La Martre,La Martre,Municipalité
2488015La Morandière,La Morandière,Municipalité
2488045La Motte,La Motte,Municipalité
2441027La Patrie,La Patrie,Municipalité
2414085La Pocatière,La Pocatière,Ville
2409005La Rédemption,La Rédemption,Paroisse (municipalité de)
2487080La Reine,La Reine,Municipalité
2487090La Sarre,La Sarre,Ville
2478120Labelle,Labelle,Municipalité
4601057Lac du Bonnet,Lac du Bonnet,Rural municipality
4812037Lac la Biche County,Lac la Biche County,Municipal district
4704061Lac Pelletier No. 107,Lac Pelletier No. 107,Rural municipality
4813001Lac Ste. Anne County,Lac Ste. Anne County,Municipal district
4708042Lacadena No. 228,Lacadena No. 228,Rural municipality
2407057Lac-au-Saumon,Lac-au-Saumon,Municipalité
2435010Lac-aux-Sables,Lac-aux-Sables,Paroisse (municipalité de)
2491005Lac-Bouchette,Lac-Bouchette,Municipalité
2479078Lac-des-Écorces,Lac-des-Écorces,Municipalité
2480130Lac-des-Plages,Lac-des-Plages,Municipalité
2479015Lac-du-Cerf,Lac-du-Cerf,Municipalité
2428053Lac-Etchemin,Lac-Etchemin,Municipalité
2483020Lac-Sainte-Marie,Lac-Sainte-Marie,Municipalité
2479105Lac-Saint-Paul,Lac-Saint-Paul,Municipalité
2480095Lac-Simon,Lac-Simon,Municipalité
2478095Lac-Supérieur,Lac-Supérieur,Municipalité
2497904Lac-Walker,Lac-Walker,Unorganized
4715029Laird,Laird,Village
4715026Laird No. 404,Laird No. 404,Rural municipality
4703093Lake Johnston No. 102,Lake Johnston No. 102,Rural municipality
4715006Lake Lenore,Lake Lenore,Village
3544027Lake of Bays,Lake of Bays,Township
4710061Lakeside No. 338,Lakeside No. 338,Rural municipality
3538040Lambton Shores,Lambton Shores,Municipality
4810058Lamont County,Lamont County,Municipal district
4701032Lampman,Lampman,Town
1010004L'Anse-au-Clair,L'Anse-au-Clair,Town
2494210L'Anse-Saint-Jean,L'Anse-Saint-Jean,Municipalité
2478015Lantier,Lantier,Municipalité
3554006Latchford,Latchford,Town
2485060Latulipe-et-Gaboury,Latulipe-et-Gaboury,Cantons unis (municipalité de)
2488080Launay,Launay,Canton (municipalité de)
2433060Laurier-Station,Laurier-Station,Village
2432072Laurierville,Laurierville,Municipalité
2485050Laverlochère,Laverlochère,Municipalité
1002011Lawn,Lawn,Town
2442045Lawrenceville,Lawrenceville,Village
1315030Le Goulet,Le Goulet,Village
4708058Leader,Leader,Town
1008048Leading Tickles,Leading Tickles,Town
4716042Leask,Leask,Village
4716041Leask No. 464,Leask No. 464,Rural municipality
2499005Lebel-sur-Quévillon,Lebel-sur-Quévillon,Ville
4706049Lebret,Lebret,Village
2433123Leclercville,Leclercville,Municipalité
2413050Lejeune,Lejeune,Municipalité
4705066Lemberg,Lemberg,Town
2438020Lemieux,Lemieux,Municipalité
1103035Lennox Island 1,Lennox Island 1,Indian reserve
4716061Leoville,Leoville,Village
2495025Les Escoumins,Les Escoumins,Municipalité
2408005Les Méchins,Les Méchins,Municipalité
1002002Lewin's Cove,Lewin's Cove,Town
1008044Lewisporte,Lewisporte,Town
2484035L'Île-du-Grand-Calumet,L'Île-du-Grand-Calumet,Municipalité
5931026Lillooet,Lillooet,District municipality
4805046Linden,Linden,Village
4706098Lipton,Lipton,Village
4706096Lipton No. 217,Lipton No. 217,Rural municipality
2416023L'Isle-aux-Coudres,L'Isle-aux-Coudres,Municipalité
2417078L'Islet,L'Islet,Municipalité
2412043L'Isle-Verte,L'Isle-Verte,Municipalité
4715851Little Red River 106C,Little Red River 106C,Indian reserve
4702033Lomond No. 37,Lomond No. 37,Rural municipality
1001263Long Harbour-Mount Arlington Heights,Long Harbour-Mount Arlington Heights,Town
4609025Long Plain (Part) 6,Long Plain (Part) 6,Indian reserve
1002013Lord's Cove,Lord's Cove,Town
1312011Lorne,Lorne,Parish
4604064Lorne,Lorne,Municipality
4711059Lost River No. 313,Lost River No. 313,Rural municipality
1103058Lot 1,Lot 1,Township and royalty
1103056Lot 2,Lot 2,Township and royalty
1103054Lot 3,Lot 3,Township and royalty
1103051Lot 4,Lot 4,Township and royalty
1103049Lot 5,Lot 5,Township and royalty
1103041Lot 6,Lot 6,Township and royalty
1103048Lot 7,Lot 7,Township and royalty
1103046Lot 8,Lot 8,Township and royalty
1103044Lot 9,Lot 9,Township and royalty
1103034Lot 12,Lot 12,Township and royalty
1103032Lot 13,Lot 13,Township and royalty
1101046Lot 40,Lot 40,Township and royalty
1101041Lot 42,Lot 42,Township and royalty
1101031Lot 43,Lot 43,Township and royalty
1101032Lot 44,Lot 44,Township and royalty
1101038Lot 46,Lot 46,Township and royalty
1101039Lot 47,Lot 47,Township and royalty
1101014Lot 51,Lot 51,Township and royalty
1101016Lot 52,Lot 52,Township and royalty
1101019Lot 53,Lot 53,Township and royalty
1101026Lot 54,Lot 54,Township and royalty
1101028Lot 55,Lot 55,Township and royalty
1101029Lot 56,Lot 56,Township and royalty
1102006Lot 58,Lot 58,Township and royalty
1101009Lot 59,Lot 59,Township and royalty
1101006Lot 63,Lot 63,Township and royalty
1101001Lot 64,Lot 64,Township and royalty
1101011Lot 66,Lot 66,Township and royalty
2433115Lotbinière,Lotbinière,Municipalité
4811803Louis Bull 138B,Louis Bull 138B,Indian reserve
4604040Louise,Louise,Municipality
2451015Louiseville,Louiseville,Ville
1004037Lourdes,Lourdes,Town
4707059Lucky Lake,Lucky Lake,Village
1008004Lumsden,Lumsden,Town
1206001Lunenburg,Lunenburg,Municipal district
1206006Lunenburg,Lunenburg,Town
4713044Luseland,Luseland,Town
2432065Lyster,Lyster,Municipalité
2487058Macamic,Macamic,Ville
3549054Machar,Machar,Township
5953033Mackenzie,Mackenzie,District municipality
3547030Madawaska Valley,Madawaska Valley,Township
3549043Magnetawan,Magnetawan,Municipality
1206008Mahone Bay,Mahone Bay,Town
1315040Maisonnette,Maisonnette,Village
4717802Makaoo (Part) 120,Makaoo (Part) 120,Indian reserve
4717807Makwa Lake 129B,Makwa Lake 129B,Indian reserve
2452095Mandeville,Mandeville,Municipalité
4711054Manitou Beach,Manitou Beach,Resort village
4713079Manitou Lake No. 442,Manitou Lake No. 442,Rural municipality
2483065Maniwaki,Maniwaki,Ville
4703019Mankota,Mankota,Village
4810034Mannville,Mannville,Village
2438028Manseau,Manseau,Municipalité
2484065Mansfield-et-Pontefract,Mansfield-et-Pontefract,Municipalité
4707071Maple Bush No. 224,Maple Bush No. 224,Rural municipality
3523033Mapleton,Mapleton,Township
4716014Marcelin,Marcelin,Village
2442065Maricourt,Maricourt,Municipalité
4707042Marquis No. 191,Marquis No. 191,Rural municipality
4712034Marriott No. 317,Marriott No. 317,Rural municipality
4713091Marsden,Marsden,Village
2430035Marston,Marston,Canton (municipalité de)
1002024Marystown,Marystown,Town
2451008Maskinongé,Maskinongé,Municipalité
3554056Matachewan,Matachewan,Township
2499015Matagami,Matagami,Ville
3552052Mattagami 71,Mattagami 71,Indian reserve
3548021Mattawa,Mattawa,Town
3548019Mattawan,Mattawan,Township
4813002Mayerthorpe,Mayerthorpe,Town
4716005Mayfield No. 406,Mayfield No. 406,Rural municipality
1310006McAdam,McAdam,Village
5953012McBride,McBride,Village
3549031McDougall,McDougall,Municipality
3549012McMurrich/Monteith,McMurrich/Monteith,Township
4717054Meadow Lake No. 588,Meadow Lake No. 588,Rural municipality
4716062Medstead No. 497,Medstead No. 497,Rural municipality
1310013Meductic,Meductic,Village
4716038Meeting Lake No. 466,Meeting Lake No. 466,Rural municipality
2442075Melbourne,Melbourne,Canton (municipalité de)
4705074Melville,Melville,City
4717039Mervin,Mervin,Village
2483060Messines,Messines,Municipalité
2409048Métis-sur-Mer,Métis-sur-Mer,Ville
4702039Midale,Midale,Town
4715047Middle Lake,Middle Lake,Village
5905037Midway,Midway,Village
2430040Milan,Milan,Municipalité
1003018Milltown-Head of Bay d'Espoir,Milltown-Head of Bay d'Espoir,Town
4805009Milo,Milo,Village
4810026Minburn County No. 27,Minburn County No. 27,Municipal district
3546015Minden Hills,Minden Hills,Township
1008095Ming's Bight,Ming's Bight,Town
4615075Minnedosa,Minnedosa,Town
1304022Minto,Minto,Village
3523043Minto,Minto,Town
4615074Minto-Odanah,Minto-Odanah,Municipality
4708046Miry Creek No. 229,Miry Creek No. 229,Rural municipality
4716855Mistawasis 103,Mistawasis 103,Indian reserve
3543050Mnjikaning First Nation 32,Mnjikaning First Nation 32,Indian reserve
1101018Montague,Montague,Town
4808813Montana 139,Montana 139,Indian reserve
4603030Montcalm,Montcalm,Rural municipality
2414005Mont-Carmel,Mont-Carmel,Municipalité
2480010Montebello,Montebello,Municipalité
2409077Mont-Joli,Mont-Joli,Ville
2418050Montmagny,Montmagny,Ville
4706001Montmartre No. 126,Montmartre No. 126,Rural municipality
2480090Montpellier,Montpellier,Municipalité
4715853Montreal Lake 106B,Montreal Lake 106B,Indian reserve
2479110Mont-Saint-Michel,Mont-Saint-Michel,Municipalité
2478102Mont-Tremblant,Mont-Tremblant,Ville
4717812Moosomin 112B,Moosomin 112B,Indian reserve
3556106Moosonee,Moosonee,Town
1101048Morell,Morell,Community
4603065Morris,Morris,Rural municipality
4603067Morris,Morris,Town
4711052Morris No. 312,Morris No. 312,Rural municipality
3540050Morris-Turnberry,Morris-Turnberry,Municipality
4707027Morse,Morse,Town
4707024Morse No. 165,Morse No. 165,Rural municipality
4703092Mossbank,Mossbank,Town
4617072Mossey River,Mossey River,Rural municipality
1001197Mount Carmel-Mitchells Brook-St. Catherine's,Mount Carmel-Mitchells Brook-St. Catherine's,Town
5943033Mount Waddington D,Mount Waddington D,Regional district electoral area
4806028Mountain View County,Mountain View County,Municipal district
1213008Mulgrave,Mulgrave,Town
4810061Mundare,Mundare,Town
1101004Murray River,Murray River,Community
4706813Muscowpetung 80,Muscowpetung 80,Indian reserve
1008006Musgrave Harbour,Musgrave Harbour,Town
1007032Musgravetown,Musgravetown,Town
4716854Muskeg Lake Cree Nation 102,Muskeg Lake Cree Nation 102,Indian reserve
3544053Muskoka Lakes,Muskoka Lakes,Township
4710822Muskowekwan 85,Muskowekwan 85,Indian reserve
1310054Nackawic,Nackawic,Town
2480110Namur,Namur,Municipalité
5921014Nanaimo B,Nanaimo B,Regional district electoral area
4803026Nanton,Nanton,Town
4615020Neepawa,Neepawa,Town
1309038Neguac,Neguac,Village
4713094Neilburg,Neilburg,Village
5931844Nequatque,Nequatque,Indian reserve
5933898Neskonlith,Neskonlith,Indian reserve
3529021New Credit (Part) 40A,New Credit (Part) 40A,Indian reserve
3539002Newbury,Newbury,Village
1007060New-Wes-Valley,New-Wes-Valley,Town
3541060Neyaashiinigmiing 27,Neyaashiinigmiing 27,Indian reserve
2450072Nicolet,Nicolet,Ville
4714072Nipawin No. 487,Nipawin No. 487,Rural municipality
3558044Nipigon,Nipigon,Township
2479030Nominingue,Nominingue,Municipalité
4608032Norfolk-Treherne,Norfolk-Treherne,Municipality
2492040Normandin,Normandin,Ville
1001285Norman's Cove-Long Cove,Norman's Cove-Long Cove,Town
2487115Normétal,Normétal,Municipalité
4709072Norquay,Norquay,Town
4607066North Cypress-Langford,North Cypress-Langford,Municipality
3510045North Frontenac,North Frontenac,Township
3501050North Glengarry,North Glengarry,Township
3515037North Kawartha,North Kawartha,Township
4608046North Norfolk,North Norfolk,Municipality
5937023North Okanagan E,North Okanagan E,Regional district electoral area
5937041North Okanagan F,North Okanagan F,Regional district electoral area
3531040North Perth,North Perth,Municipality
4701018North Portal,North Portal,Village
4706048North Qu'Appelle No. 187,North Qu'Appelle No. 187,Rural municipality
1102046North Rustico,North Rustico,Community
5933887North Thompson 1,North Thompson 1,Indian reserve
1311008Northampton,Northampton,Parish
3541069Northern Bruce Peninsula,Northern Bruce Peninsula,Municipality
1303018Northfield,Northfield,Parish
1305018Norton,Norton,Village
4702052Norton No. 69,Norton No. 69,Rural municipality
2419010Notre-Dame-Auxiliatrice-de-Buckland,Notre-Dame-Auxiliatrice-de-Buckland,Paroisse (municipalité de)
2480015Notre-Dame-de-Bonsecours,Notre-Dame-de-Bonsecours,Municipalité
2480020Notre-Dame-de-la-Paix,Notre-Dame-de-la-Paix,Municipalité
1313008Notre-Dame-de-Lourdes,Notre-Dame-de-Lourdes,Parish
2432080Notre-Dame-de-Lourdes,Notre-Dame-de-Lourdes,Paroisse (municipalité de)
2479010Notre-Dame-de-Pontmain,Notre-Dame-de-Pontmain,Municipalité
2430010Notre-Dame-des-Bois,Notre-Dame-des-Bois,Municipalité
2415025Notre-Dame-des-Monts,Notre-Dame-des-Monts,Municipalité
2411045Notre-Dame-des-Neiges,Notre-Dame-des-Neiges,Municipalité
2479005Notre-Dame-du-Laus,Notre-Dame-du-Laus,Municipalité
2485090Notre-Dame-du-Nord,Notre-Dame-du-Nord,Municipalité
2418040Notre-Dame-du-Rosaire,Notre-Dame-du-Rosaire,Municipalité
2406020Nouvelle,Nouvelle,Municipalité
4615032Oakview,Oakview,Rural municipality
2450802Odanak,Odanak,Indian reserve
4702058Ogema,Ogema,Town
5907022Okanagan-Similkameen A,Okanagan-Similkameen A,Regional district electoral area
5907026Okanagan-Similkameen B,Okanagan-Similkameen B,Regional district electoral area
5907028Okanagan-Similkameen C,Okanagan-Similkameen C,Regional district electoral area
5907053Okanagan-Similkameen G,Okanagan-Similkameen G,Regional district electoral area
1001343Old Perlican,Old Perlican,Town
4806034Olds,Olds,Town
1103042O'Leary,O'Leary,Community
5907014Oliver,Oliver,Town
2469037Ormstown,Ormstown,Municipalité
1303012Oromocto,Oromocto,Town
1303013Oromocto 26,Oromocto 26,Indian reserve
5907005Osoyoos,Osoyoos,Town
5907802Osoyoos 1,Osoyoos 1,Indian reserve
2484055Otter Lake,Otter Lake,Municipalité
4711027Outlook,Outlook,Town
4701014Oxbow,Oxbow,Town
1211012Oxford,Oxford,Town
2413015Packington,Packington,Paroisse (municipalité de)
2409040Padoue,Padoue,Municipalité
2487025Palmarolle,Palmarolle,Municipalité
4702054Pangman,Pangman,Village
2480037Papineauville,Papineauville,Municipalité
1315019Paquetville,Paquetville,Parish
1315020Paquetville,Paquetville,Village
4717034Paradise Hill,Paradise Hill,Village
4717047Parkdale No. 498,Parkdale No. 498,Rural municipality
1002034Parkers Cove,Parkers Cove,Town
4808042Parkland Beach,Parkland Beach,Summer village
"3549096Parry Sound, Unorganized, Centre Part","Parry Sound, Unorganized, Centre Part",Unorganized
"3549095Parry Sound, Unorganized, North East Part","Parry Sound, Unorganized, North East Part",Unorganized
1009017Parson's Pond,Parson's Pond,Town
2405032Paspébiac,Paspébiac,Ville
4706812Pasqua 79,Pasqua 79,Indian reserve
4819071Peace No. 135,Peace No. 135,Municipal district
5955040Peace River B,Peace River B,Regional district electoral area
5955023Peace River E,Peace River E,Regional district electoral area
4706816Peepeekisis 81,Peepeekisis 81,Indian reserve
5931012Pemberton,Pemberton,Village
4604034Pembina,Pembina,Municipality
5919809Penelakut Island 7,Penelakut Island 7,Indian reserve
1302011Pennfield,Pennfield,Parish
4712051Perdue,Perdue,Village
4712050Perdue No. 346,Perdue No. 346,Rural municipality
2492010Péribonka,Péribonka,Municipalité
3509021Perth,Perth,Town
1312006Perth-Andover,Perth-Andover,Village
2496802Pessamit,Pessamit,Indian reserve
2494205Petit-Saguenay,Petit-Saguenay,Municipalité
4706809Piapot 75,Piapot 75,Indian reserve
4811802Pigeon Lake 138A,Pigeon Lake 138A,Indian reserve
4803801Piikani 147,Piikani 147,Indian reserve
2446025Pike River,Pike River,Municipalité
3547037Pikwakanagan (Golden Lake 39),Pikwakanagan (Golden Lake 39),Indian reserve
4601051Pinawa,Pinawa,Local government district
4601039Piney,Piney,Rural municipality
2430020Piopolis,Piopolis,Municipalité
1001240Placentia,Placentia,Town
1312009Plaster Rock,Plaster Rock,Village
2432040Plessisville,Plessisville,Ville
2432045Plessisville,Plessisville,Paroisse (municipalité de)
2413095Pohénégamook,Pohénégamook,Ville
1008049Point Leamington,Point Leamington,Town
4808039Ponoka,Ponoka,Town
4808038Ponoka County,Ponoka County,Municipal district
4703058Ponteix,Ponteix,Town
5943017Port Alice,Port Alice,Village
1004021Port au Port East,Port au Port East,Town
1004042Port au Port West-Aguathuna-Felix Cove,Port au Port West-Aguathuna-Felix Cove,Town
1009019Port Saunders,Port Saunders,Town
2484020Portage-du-Fort,Portage-du-Fort,Village
2497022Port-Cartier,Port-Cartier,Ville
2434048Portneuf,Portneuf,Ville
2495040Portneuf-sur-Mer,Portneuf-sur-Mer,Municipalité
2445030Potton,Potton,Canton (municipalité de)
2487035Poularies,Poularies,Municipalité
4713835Poundmaker 114,Poundmaker 114,Indian reserve
5927018Powell River D,Powell River D,Regional district electoral area
5927020Powell River E,Powell River E,Regional district electoral area
4605071Prairie Lakes,Prairie Lakes,Rural municipality
4615056Prairie View,Prairie View,Municipality
4709064Preeceville,Preeceville,Town
2409065Price,Price,Village
2432033Princeville,Princeville,Ville
5939805Quaaout 1,Quaaout 1,Indian reserve
5947026Queen Charlotte,Queen Charlotte,Village
2442032Racine,Racine,Municipalité
5901040Radium Hot Springs,Radium Hot Springs,Village
4702031Radville,Radville,Town
1003026Ramea,Ramea,Town
2487010Rapide-Danseur,Rapide-Danseur,Municipalité
4710027Raymore,Raymore,Town
1002037Red Harbour,Red Harbour,Town
4712829Red Pheasant 108,Red Pheasant 108,Indian reserve
3558041Red Rock,Red Rock,Township
4716018Redberry No. 435,Redberry No. 435,Rural municipality
4713064Reford No. 379,Reford No. 379,Rural municipality
1005009Reidville,Reidville,Town
3547048Renfrew,Renfrew,Town
1308017Rexton,Rexton,Village
4601043Reynolds,Reynolds,Rural municipality
4603041Rhineland,Rhineland,Municipality
1308016Richibucto,Richibucto,Parish
1308018Richibucto,Richibucto,Town
2442098Richmond,Richmond,Ville
"1216011Richmond, Subd. B","Richmond, Subd. B",Subdivision of county municipality
"1216001Richmond, Subd. C","Richmond, Subd. C",Subdivision of county municipality
3507040Rideau Lakes,Rideau Lakes,Township
4808044Rimbey,Rimbey,Town
4707072Riverhurst,Riverhurst,Village
1306003Riverside-Albert,Riverside-Albert,Village
2434135Rivière-à-Pierre,Rivière-à-Pierre,Municipalité
2413025Rivière-Bleue,Rivière-Bleue,Municipalité
1008060Robert's Arm,Robert's Arm,Town
2488010Rochebaucourt,Rochebaucourt,Municipalité
4703009Rockglen,Rockglen,Town
1309017Rogersville,Rogersville,Village
4603062Roland,Roland,Rural municipality
4615071Rolling River 67,Rolling River 67,Indian reserve
2487015Roquemaure,Roquemaure,Municipalité
4711031Rosedale No. 283,Rosedale No. 283,Rural municipality
4712006Rosetown,Rosetown,Town
4715032Rosthern,Rosthern,Town
4715031Rosthern No. 403,Rosthern No. 403,Rural municipality
4706017Rouleau,Rouleau,Town
2448015Roxton,Roxton,Canton (municipalité de)
2448010Roxton Falls,Roxton Falls,Village
4819056Rycroft,Rycroft,Village
3552023Sables-Spanish Rivers,Sables-Spanish Rivers,Township
1307008Sackville,Sackville,Parish
1307009Sackville,Sackville,Town
4819059Saddle Hills County,Saddle Hills County,Municipal district
3557071Sagamok,Sagamok,Indian reserve
1302026Saint Andrews,Saint Andrews,Town
1302042Saint David,Saint David,Parish
1302016Saint George,Saint George,Parish
1302021Saint Patrick,Saint Patrick,Parish
2417015Saint-Adalbert,Saint-Adalbert,Municipalité
2477065Saint-Adolphe-d'Howard,Saint-Adolphe-d'Howard,Municipalité
2440010Saint-Adrien,Saint-Adrien,Municipalité
2453015Saint-Aimé,Saint-Aimé,Municipalité
2479022Saint-Aimé-du-Lac-des-Îles,Saint-Aimé-du-Lac-des-Îles,Municipalité
2434097Saint-Alban,Saint-Alban,Municipalité
2406050Saint-Alexis-de-Matapédia,Saint-Alexis-de-Matapédia,Municipalité
2451065Saint-Alexis-des-Monts,Saint-Alexis-des-Monts,Paroisse (municipalité de)
2427015Saint-Alfred,Saint-Alfred,Municipalité
1313002Saint-André,Saint-André,Rural community
2480027Saint-André-Avellin,Saint-André-Avellin,Municipalité
2491010Saint-André-du-Lac-Saint-Jean,Saint-André-du-Lac-Saint-Jean,Village
2419062Saint-Anselme,Saint-Anselme,Municipalité
2418070Saint-Antoine-de-l'Isle-aux-Grues,Saint-Antoine-de-l'Isle-aux-Grues,Paroisse (municipalité de)
2446017Saint-Armand,Saint-Armand,Municipalité
2417055Saint-Aubert,Saint-Aubert,Municipalité
2434038Saint-Basile,Saint-Basile,Ville
2428025Saint-Benjamin,Saint-Benjamin,Municipalité
2426055Saint-Bernard,Saint-Bernard,Municipalité
2485045Saint-Bruno-de-Guigues,Saint-Bruno-de-Guigues,Municipalité
2414010Saint-Bruno-de-Kamouraska,Saint-Bruno-de-Kamouraska,Municipalité
2428070Saint-Camille-de-Lellis,Saint-Camille-de-Lellis,Paroisse (municipalité de)
2434078Saint-Casimir,Saint-Casimir,Municipalité
2450035Saint-Célestin,Saint-Célestin,Municipalité
1308019Saint-Charles,Saint-Charles,Parish
2409010Saint-Charles-Garnier,Saint-Charles-Garnier,Paroisse (municipalité de)
2411005Saint-Clément,Saint-Clément,Paroisse (municipalité de)
2452075Saint-Cléophas-de-Brandon,Saint-Cléophas-de-Brandon,Municipalité
2462065Saint-Côme,Saint-Côme,Paroisse (municipalité de)
2452062Saint-Cuthbert,Saint-Cuthbert,Municipalité
2412005Saint-Cyprien,Saint-Cyprien,Municipalité
2428040Saint-Cyprien,Saint-Cyprien,Paroisse (municipalité de)
2417045Saint-Cyrille-de-Lessard,Saint-Cyrille-de-Lessard,Paroisse (municipalité de)
2407105Saint-Damase,Saint-Damase,Paroisse (municipalité de)
2419030Saint-Damien-de-Buckland,Saint-Damien-de-Buckland,Paroisse (municipalité de)
2414055Saint-Denis-De La Bouteillerie,Saint-Denis-De La Bouteillerie,Municipalité
2452090Saint-Didace,Saint-Didace,Paroisse (municipalité de)
2462060Saint-Donat,Saint-Donat,Municipalité
2477022Sainte-Adèle,Sainte-Adèle,Ville
2478032Sainte-Agathe-des-Monts,Sainte-Agathe-des-Monts,Ville
2409035Sainte-Angèle-de-Mérici,Sainte-Angèle-de-Mérici,Municipalité
2451055Sainte-Angèle-de-Prémont,Sainte-Angèle-de-Prémont,Municipalité
2437205Sainte-Anne-de-la-Pérade,Sainte-Anne-de-la-Pérade,Municipalité
2414090Sainte-Anne-de-la-Pocatière,Sainte-Anne-de-la-Pocatière,Paroisse (municipalité de)
2442050Sainte-Anne-de-la-Rochelle,Sainte-Anne-de-la-Rochelle,Municipalité
2479115Sainte-Anne-du-Lac,Sainte-Anne-du-Lac,Municipalité
2439150Sainte-Anne-du-Sault,Sainte-Anne-du-Sault,Municipalité
2428015Sainte-Aurélie,Sainte-Aurélie,Municipalité
2438060Sainte-Cécile-de-Lévrard,Sainte-Cécile-de-Lévrard,Paroisse (municipalité de)
2434105Sainte-Christine-d'Auvergne,Sainte-Christine-d'Auvergne,Municipalité
2419055Sainte-Claire,Sainte-Claire,Municipalité
2468020Sainte-Clotilde,Sainte-Clotilde,Municipalité
2431060Sainte-Clotilde-de-Beauce,Sainte-Clotilde-de-Beauce,Municipalité
2433102Sainte-Croix,Sainte-Croix,Municipalité
2485015Saint-Édouard-de-Fabre,Saint-Édouard-de-Fabre,Paroisse (municipalité de)
2433080Saint-Édouard-de-Lotbinière,Saint-Édouard-de-Lotbinière,Paroisse (municipalité de)
2451050Saint-Édouard-de-Maskinongé,Saint-Édouard-de-Maskinongé,Municipalité
2444055Sainte-Edwidge-de-Clifton,Sainte-Edwidge-de-Clifton,Canton (municipalité de)
2439090Sainte-Élizabeth-de-Warwick,Sainte-Élizabeth-de-Warwick,Municipalité
2462070Sainte-Émélie-de-l'Énergie,Sainte-Émélie-de-l'Énergie,Municipalité
2450005Sainte-Eulalie,Sainte-Eulalie,Municipalité
2418035Sainte-Euphémie-sur-Rivière-du-Sud,Sainte-Euphémie-sur-Rivière-du-Sud,Municipalité
2417025Sainte-Félicité,Sainte-Félicité,Municipalité
2407010Sainte-Florence,Sainte-Florence,Municipalité
2411030Sainte-Françoise,Sainte-Françoise,Paroisse (municipalité de)
2438035Sainte-Françoise,Sainte-Françoise,Municipalité
2437215Sainte-Geneviève-de-Batiscan,Sainte-Geneviève-de-Batiscan,Paroisse (municipalité de)
2452040Sainte-Geneviève-de-Berthier,Sainte-Geneviève-de-Berthier,Municipalité
2487030Sainte-Germaine-Boulé,Sainte-Germaine-Boulé,Municipalité
2488085Sainte-Gertrude-Manneville,Sainte-Gertrude-Manneville,Municipalité
2491030Sainte-Hedwidge,Sainte-Hedwidge,Municipalité
2414025Sainte-Hélène-de-Kamouraska,Sainte-Hélène-de-Kamouraska,Municipalité
2407040Sainte-Irène,Sainte-Irène,Paroisse (municipalité de)
2409020Sainte-Jeanne-d'Arc,Sainte-Jeanne-d'Arc,Paroisse (municipalité de)
2428045Sainte-Justine,Sainte-Justine,Municipalité
2411035Saint-Éloi,Saint-Éloi,Paroisse (municipalité de)
2450095Saint-Elphège,Saint-Elphège,Paroisse (municipalité de)
2418020Sainte-Lucie-de-Beauregard,Sainte-Lucie-de-Beauregard,Municipalité
2478020Sainte-Lucie-des-Laurentides,Sainte-Lucie-des-Laurentides,Municipalité
2413085Saint-Elzéar-de-Témiscouata,Saint-Elzéar-de-Témiscouata,Municipalité
2477012Sainte-Marguerite-du-Lac-Masson,Sainte-Marguerite-du-Lac-Masson,Ville
2438015Sainte-Marie-de-Blandford,Sainte-Marie-de-Blandford,Municipalité
2450057Sainte-Monique,Sainte-Monique,Municipalité
2493075Sainte-Monique,Sainte-Monique,Municipalité
2450050Sainte-Perpétue,Sainte-Perpétue,Paroisse (municipalité de)
2429112Saint-Éphrem-de-Beauce,Saint-Éphrem-de-Beauce,Municipalité
2411015Sainte-Rita,Sainte-Rita,Municipalité
2428030Sainte-Rose-de-Watford,Sainte-Rose-de-Watford,Municipalité
2428065Sainte-Sabine,Sainte-Sabine,Paroisse (municipalité de)
2446105Sainte-Sabine,Sainte-Sabine,Municipalité
2438040Sainte-Sophie-de-Lévrard,Sainte-Sophie-de-Lévrard,Paroisse (municipalité de)
2435050Sainte-Thècle,Sainte-Thècle,Municipalité
2483055Sainte-Thérèse-de-la-Gatineau,Sainte-Thérèse-de-la-Gatineau,Municipalité
2451040Sainte-Ursule,Sainte-Ursule,Paroisse (municipalité de)
2413030Saint-Eusèbe,Saint-Eusèbe,Paroisse (municipalité de)
2429025Saint-Évariste-de-Forsyth,Saint-Évariste-de-Forsyth,Municipalité
2478047Saint-Faustin--Lac-Carré,Saint-Faustin--Lac-Carré,Municipalité
2491042Saint-Félicien,Saint-Félicien,Ville
2488060Saint-Félix-de-Dalquier,Saint-Félix-de-Dalquier,Municipalité
2432013Saint-Ferdinand,Saint-Ferdinand,Municipalité
2433052Saint-Flavien,Saint-Flavien,Municipalité
2431030Saint-Fortunat,Saint-Fortunat,Municipalité
2406055Saint-François-d'Assise,Saint-François-d'Assise,Municipalité
2418060Saint-François-de-la-Rivière-du-Sud,Saint-François-de-la-Rivière-du-Sud,Municipalité
2491015Saint-François-de-Sales,Saint-François-de-Sales,Municipalité
2452080Saint-Gabriel,Saint-Gabriel,Ville
2452085Saint-Gabriel-de-Brandon,Saint-Gabriel-de-Brandon,Municipalité
2414075Saint-Gabriel-Lalemant,Saint-Gabriel-Lalemant,Municipalité
2429013Saint-Gédéon-de-Beauce,Saint-Gédéon-de-Beauce,Municipalité
2440032Saint-Georges-de-Windsor,Saint-Georges-de-Windsor,Municipalité
2414045Saint-Germain,Saint-Germain,Paroisse (municipalité de)
2434060Saint-Gilbert,Saint-Gilbert,Paroisse (municipalité de)
2405015Saint-Godefroi,Saint-Godefroi,Canton (municipalité de)
2429038Saint-Honoré-de-Shenley,Saint-Honoré-de-Shenley,Municipalité
2446095Saint-Ignace-de-Stanbridge,Saint-Ignace-de-Stanbridge,Municipalité
1315021Saint-Isidore,Saint-Isidore,Parish
1315022Saint-Isidore,Saint-Isidore,Village
2441012Saint-Isidore-de-Clifton,Saint-Isidore-de-Clifton,Municipalité
2433065Saint-Janvier-de-Joly,Saint-Janvier-de-Joly,Municipalité
2411010Saint-Jean-de-Dieu,Saint-Jean-de-Dieu,Municipalité
2413010Saint-Jean-de-la-Lande,Saint-Jean-de-la-Lande,Municipalité
2417070Saint-Jean-Port-Joli,Saint-Jean-Port-Joli,Municipalité
2427043Saint-Joseph-de-Beauce,Saint-Joseph-de-Beauce,Ville
2409070Saint-Joseph-de-Lepage,Saint-Joseph-de-Lepage,Paroisse (municipalité de)
2427055Saint-Jules,Saint-Jules,Paroisse (municipalité de)
2413040Saint-Juste-du-Lac,Saint-Juste-du-Lac,Municipalité
2451045Saint-Justin,Saint-Justin,Municipalité
2487120Saint-Lambert,Saint-Lambert,Paroisse (municipalité de)
2419050Saint-Lazare-de-Bellechasse,Saint-Lazare-de-Bellechasse,Municipalité
1315017Saint-Léolin,Saint-Léolin,Village
1313006Saint-Léonard,Saint-Léonard,Town
2450042Saint-Léonard-d'Aston,Saint-Léonard-d'Aston,Municipalité
2419020Saint-Léon-de-Standon,Saint-Léon-de-Standon,Paroisse (municipalité de)
2451035Saint-Léon-le-Grand,Saint-Léon-le-Grand,Paroisse (municipalité de)
1308021Saint-Louis,Saint-Louis,Parish
2428035Saint-Louis-de-Gonzague,Saint-Louis-de-Gonzague,Municipalité
2413080Saint-Louis-du-Ha! Ha!,Saint-Louis-du-Ha! Ha!,Paroisse (municipalité de)
2428060Saint-Luc-de-Bellechasse,Saint-Luc-de-Bellechasse,Municipalité
2430072Saint-Ludger,Saint-Ludger,Municipalité
2493080Saint-Ludger-de-Milot,Saint-Ludger-de-Milot,Municipalité
2428075Saint-Magloire,Saint-Magloire,Municipalité
2419025Saint-Malachie,Saint-Malachie,Paroisse (municipalité de)
2444003Saint-Malo,Saint-Malo,Municipalité
2488040Saint-Marc-de-Figuery,Saint-Marc-de-Figuery,Paroisse (municipalité de)
2434065Saint-Marc-des-Carrières,Saint-Marc-des-Carrières,Ville
2413020Saint-Marc-du-Lac-Long,Saint-Marc-du-Lac-Long,Paroisse (municipalité de)
2429045Saint-Martin,Saint-Martin,Paroisse (municipalité de)
2411050Saint-Mathieu-de-Rioux,Saint-Mathieu-de-Rioux,Paroisse (municipalité de)
2411025Saint-Médard,Saint-Médard,Municipalité
2462085Saint-Michel-des-Saints,Saint-Michel-des-Saints,Municipalité
2413065Saint-Michel-du-Squatec,Saint-Michel-du-Squatec,Municipalité
2407095Saint-Moïse,Saint-Moïse,Paroisse (municipalité de)
2448050Saint-Nazaire-d'Acton,Saint-Nazaire-d'Acton,Paroisse (municipalité de)
2419015Saint-Nazaire-de-Dorchester,Saint-Nazaire-de-Dorchester,Paroisse (municipalité de)
2419045Saint-Nérée-de-Bellechasse,Saint-Nérée-de-Bellechasse,Municipalité
2407100Saint-Noël,Saint-Noël,Village
2452070Saint-Norbert,Saint-Norbert,Paroisse (municipalité de)
2409055Saint-Octave-de-Métis,Saint-Octave-de-Métis,Paroisse (municipalité de)
2427035Saint-Odilon-de-Cranbourne,Saint-Odilon-de-Cranbourne,Paroisse (municipalité de)
2414070Saint-Pacôme,Saint-Pacôme,Municipalité
2417010Saint-Pamphile,Saint-Pamphile,Ville
2414018Saint-Pascal,Saint-Pascal,Ville
2418030Saint-Paul-de-Montminy,Saint-Paul-de-Montminy,Municipalité
2451060Saint-Paulin,Saint-Paulin,Municipalité
2414060Saint-Philippe-de-Néri,Saint-Philippe-de-Néri,Paroisse (municipalité de)
2432050Saint-Pierre-Baptiste,Saint-Pierre-Baptiste,Paroisse (municipalité de)
2413075Saint-Pierre-de-Lamy,Saint-Pierre-de-Lamy,Municipalité
2418055Saint-Pierre-de-la-Rivière-du-Sud,Saint-Pierre-de-la-Rivière-du-Sud,Paroisse (municipalité de)
2438065Saint-Pierre-les-Becquets,Saint-Pierre-les-Becquets,Municipalité
2428020Saint-Prosper,Saint-Prosper,Municipalité
2437250Saint-Prosper-de-Champlain,Saint-Prosper-de-Champlain,Municipalité
1314022Saint-Quentin,Saint-Quentin,Town
2419082Saint-Raphaël,Saint-Raphaël,Municipalité
2430070Saint-Robert-Bellarmin,Saint-Robert-Bellarmin,Municipalité
2417065Saint-Roch-des-Aulnaies,Saint-Roch-des-Aulnaies,Paroisse (municipalité de)
2430085Saint-Sébastien,Saint-Sébastien,Municipalité
2451030Saint-Sévère,Saint-Sévère,Paroisse (municipalité de)
2435020Saint-Séverin,Saint-Séverin,Paroisse (municipalité de)
2415058Saint-Siméon,Saint-Siméon,Municipalité
2437245Saint-Stanislas,Saint-Stanislas,Municipalité
2438005Saint-Sylvère,Saint-Sylvère,Municipalité
2448045Saint-Théodore-d'Acton,Saint-Théodore-d'Acton,Municipalité
2429005Saint-Théophile,Saint-Théophile,Municipalité
2492045Saint-Thomas-Didyme,Saint-Thomas-Didyme,Municipalité
2435027Saint-Tite,Saint-Tite,Ville
2421005Saint-Tite-des-Caps,Saint-Tite-des-Caps,Municipalité
2416055Saint-Urbain,Saint-Urbain,Paroisse (municipalité de)
2427008Saint-Victor,Saint-Victor,Municipalité
2450023Saint-Wenceslas,Saint-Wenceslas,Municipalité
2428005Saint-Zacharie,Saint-Zacharie,Municipalité
4705805Sakimay 74,Sakimay 74,Indian reserve
5903011Salmo,Salmo,Village
1001361Salmon Cove,Salmon Cove,Town
4705077Saltcoats No. 213,Saltcoats No. 213,Rural municipality
4808811Samson 137,Samson 137,Indian reserve
1007043Sandringham,Sandringham,Town
3541045Saugeen Shores,Saugeen Shores,Town
4717813Saulteaux 159,Saulteaux 159,Indian reserve
2407085Sayabec,Sayabec,Municipalité
5924039Sayward,Sayward,Village
1003010Seal Cove (Fortune Bay),Seal Cove (Fortune Bay),Town
5929011Sechelt,Sechelt,District municipality
4807044Sedgewick,Sedgewick,Town
4717801Seekaskootch 119,Seekaskootch 119,Indian reserve
3549003Seguin,Seguin,Township
4613047Selkirk,Selkirk,City
4713076Senlac No. 411,Senlac No. 411,Rural municipality
2489040Senneterre,Senneterre,Ville
2489045Senneterre,Senneterre,Paroisse (municipalité de)
3557072Serpent River 7,Serpent River 7,Indian reserve
4704036Shaunavon,Shaunavon,Town
2484010Shawville,Shawville,Municipalité
4716047Shellbrook,Shellbrook,Town
4716046Shellbrook No. 493,Shellbrook No. 493,Rural municipality
5939045Sicamous,Sicamous,District municipality
4606016Sifton,Sifton,Rural municipality
4805802Siksika 146,Siksika 146,Indian reserve
4706041Sintaluta,Sintaluta,Town
4606040Sioux Valley Dakota Nation,Sioux Valley Dakota Nation,Indian reserve
3528037Six Nations (Part) 40,Six Nations (Part) 40,Indian reserve
5947032Skeena-Queen Charlotte E,Skeena-Queen Charlotte E,Regional district electoral area
5933817Skeetchestn,Skeetchestn,Indian reserve
5927802Sliammon 1,Sliammon 1,Indian reserve
4709033Sliding Hills No. 273,Sliding Hills No. 273,Rural municipality
1001352Small Point-Adam's Cove-Blackhead-Broad Cove,Small Point-Adam's Cove-Blackhead-Broad Cove,Town
3509004Smiths Falls,Smiths Falls,Town
4812029Smoky Lake,Smoky Lake,Town
4812022Smoky Lake County,Smoky Lake County,Municipal district
3556048Smooth Rock Falls,Smooth Rock Falls,Town
4708074Snipe Lake No. 259,Snipe Lake No. 259,Rural municipality
4621071Snow Lake,Snow Lake,Town
1101036Souris,Souris,Town
4607052Souris-Glenwood,Souris-Glenwood,Municipality
3548001South Algonquin,South Algonquin,Township
3541055South Bruce Peninsula,South Bruce Peninsula,Town
3501020South Dundas,South Dundas,Municipality
3540005South Huron,South Huron,Municipality
3549056South River,South River,Village
1310024Southampton,Southampton,Parish
3542005Southgate,Southgate,Township
5937024Spallumcheen,Spallumcheen,District municipality
4819058Spirit River,Spirit River,Town
4819054Spirit River No. 133,Spirit River No. 133,Municipal district
4716058Spiritwood,Spiritwood,Town
1008061Springdale,Springdale,Town
1305034Springfield,Springfield,Parish
5931032Squamish-Lillooet A,Squamish-Lillooet A,Regional district electoral area
5931034Squamish-Lillooet B,Squamish-Lillooet B,Regional district electoral area
1002041St. Bernard's-Jacques Fontaine,St. Bernard's-Jacques Fontaine,Town
1302018St. George,St. George,Town
1004013St. George's,St. George's,Town
4618040St. Laurent,St. Laurent,Rural municipality
1002008St. Lawrence,St. Lawrence,Town
4715057St. Louis No. 431,St. Louis No. 431,Rural municipality
1001178St. Mary's,St. Mary's,Town
1213001St. Mary's,St. Mary's,Municipal district
1009020St. Pauls,St. Pauls,Town
4717036St. Walburg,St. Walburg,Town
2446045Stanbridge East,Stanbridge East,Municipalité
2446030Stanbridge Station,Stanbridge Station,Municipalité
4706811Standing Buffalo 78,Standing Buffalo 78,Indian reserve
4705067Stanley No. 215,Stanley No. 215,Rural municipality
2445008Stanstead,Stanstead,Ville
2444050Stanstead-Est,Stanstead-Est,Municipalité
4706818Star Blanket 83,Star Blanket 83,Indian reserve
1004019Stephenville,Stephenville,Town
1004018Stephenville Crossing,Stephenville Crossing,Town
5957022Stikine Region,Stikine Region,Regional district electoral area
4705056Stockholm,Stockholm,Village
"4815802Stoney 142, 143, 144","Stoney 142, 143, 144",Indian reserve
2430105Stornoway,Stornoway,Municipalité
4701066Stoughton,Stoughton,Town
4706074Strasbourg,Strasbourg,Town
5924048Strathcona A,Strathcona A,Regional district electoral area
5924052Strathcona B,Strathcona B,Regional district electoral area
5924054Strathcona C,Strathcona C,Regional district electoral area
3549046Strong,Strong,Township
4601035Stuartburn,Stuartburn,Rural municipality
1305031Studholm,Studholm,Parish
4716856Sturgeon Lake 101,Sturgeon Lake 101,Indian reserve
4709066Sturgis,Sturgis,Town
1008033Summerford,Summerford,Town
4806036Sundre,Sundre,Town
3549048Sundridge,Sundridge,Village
5929018Sunshine Coast A,Sunshine Coast A,Regional district electoral area
5929022Sunshine Coast B,Sunshine Coast B,Regional district electoral area
5929024Sunshine Coast D,Sunshine Coast D,Regional district electoral area
5929026Sunshine Coast E,Sunshine Coast E,Regional district electoral area
5929028Sunshine Coast F,Sunshine Coast F,Regional district electoral area
1305021Sussex,Sussex,Parish
1305022Sussex,Sussex,Town
1305023Sussex Corner,Sussex Corner,Village
4802021Taber,Taber,Municipal district
4802022Taber,Taber,Town
2495005Tadoussac,Tadoussac,Village
5924030Tahsis,Tahsis,Village
3509015Tay Valley,Tay Valley,Township
3548069Temagami,Temagami,Municipality
2485005Témiscaming,Témiscaming,Ville
2413073Témiscouata-sur-le-Lac,Témiscouata-sur-le-Lac,Ville
3558054Terrace Bay,Terrace Bay,Township
4703096Terrell No. 101,Terrell No. 101,Rural municipality
3549005The Archipelago,The Archipelago,Township
4702026The Gap No. 39,The Gap No. 39,Rural municipality
3557028Thessalon,Thessalon,Town
4603058Thompson,Thompson,Rural municipality
5933068Thompson-Nicola A (Wells Gray Country),Thompson-Nicola A (Wells Gray Country),Regional district electoral area
5933037Thompson-Nicola I (Blue Sky Country),Thompson-Nicola I (Blue Sky Country),Regional district electoral area
5933012Thompson-Nicola N (Beautiful Nicola Valley - South),Thompson-Nicola N (Beautiful Nicola Valley - South),Regional district electoral area
4813036Thorhild County,Thorhild County,Municipal district
4715044Three Lakes No. 400,Three Lakes No. 400,Rural municipality
4717803Thunderchild First Nation 115B,Thunderchild First Nation 115B,Indian reserve
1103059Tignish,Tignish,Community
"3554094Timiskaming, Unorganized, West Part","Timiskaming, Unorganized, West Part",Unorganized
2439025Tingwick,Tingwick,Municipalité
4714077Torch River No. 488,Torch River No. 488,Rural municipality
4710014Touchwood No. 248,Touchwood No. 248,Rural municipality
1315002Tracadie,Tracadie,Regional municipality
2488075Trécesson,Trécesson,Canton (municipalité de)
3514045Trent Hills,Trent Hills,Municipality
1001113Trepassey,Trepassey,Town
2469030Très-Saint-Sacrement,Très-Saint-Sacrement,Paroisse (municipalité de)
2427060Tring-Jonction,Tring-Jonction,Village
1007022Trinity Bay North,Trinity Bay North,Town
2411040Trois-Pistoles,Trois-Pistoles,Ville
1009010Trout River,Trout River,Town
4706099Tullymet No. 216,Tullymet No. 216,Rural municipality
5955003Tumbler Ridge,Tumbler Ridge,District municipality
4718819Turnor Lake 193B,Turnor Lake 193B,Indian reserve
4717008Turtle River No. 469,Turtle River No. 469,Rural municipality
4717041Turtleford,Turtleford,Town
4707043Tuxford,Tuxford,Village
1008035Twillingate,Twillingate,Town
5923019Ucluelet,Ucluelet,District municipality
4812802Unipouheos 121,Unipouheos 121,Indian reserve
2448038Upton,Upton,Municipalité
4704002Val Marie,Val Marie,Village
4704003Val Marie No. 17,Val Marie No. 17,Rural municipality
2433070Val-Alain,Val-Alain,Municipalité
2407080Val-Brillant,Val-Brillant,Municipalité
2442055Valcourt,Valcourt,Ville
2442060Valcourt,Valcourt,Canton (municipalité de)
2478010Val-David,Val-David,Village
2478100Val-des-Lacs,Val-des-Lacs,Municipalité
2426015Vallée-Jonction,Vallée-Jonction,Municipalité
2478005Val-Morin,Val-Morin,Municipalité
2430015Val-Racine,Val-Racine,Municipalité
2487105Val-Saint-Gilles,Val-Saint-Gilles,Municipalité
4802029Vauxhall,Vauxhall,Town
4810028Vegreville,Vegreville,Town
4810042Vermilion,Vermilion,Town
1001365Victoria,Victoria,Town
4608042Victoria,Victoria,Rural municipality
"1218001Victoria, Subd. B","Victoria, Subd. B",Subdivision of county municipality
4810022Viking,Viking,Town
4711092Viscount,Viscount,Village
4805006Vulcan,Vulcan,Town
4805001Vulcan County,Vulcan County,Municipal district
4710068Wadena,Wadena,Town
4715042Wakaw,Wakaw,Town
4715028Waldheim,Waldheim,Town
4718814Wapachewunak 192D,Wapachewunak 192D,Indian reserve
4802006Warner,Warner,Village
4802001Warner County No. 5,Warner County No. 5,Municipal district
4717019Waseca,Waseca,Village
1304018Waterborough,Waterborough,Parish
2447025Waterloo,Waterloo,Ville
4711053Watrous,Watrous,Town
3557076Wawa,Wawa,Municipality
4701076Wawken No. 93,Wawken No. 93,Rural municipality
4708006Webb No. 138,Webb No. 138,Rural municipality
2441098Weedon,Weedon,Municipalité
1103029Wellington,Wellington,Community
3523050Wellington North,Wellington North,Township
3542004West Grey,West Grey,Municipality
1302006West Isles,West Isles,Parish
3548055West Nipissing,West Nipissing,Municipality
3531025West Perth,West Perth,Municipality
2441065Westbury,Westbury,Canton (municipalité de)
4813031Westlock,Westlock,Town
4813028Westlock County,Westlock County,Municipal district
1307001Westmorland,Westmorland,Parish
3507033Westport,Westport,Village
5931020Whistler,Whistler,District municipality
1001298Whitbourne,Whitbourne,Town
4812808White Fish Lake 128,White Fish Lake 128,Indian reserve
3557091White River,White River,Township
4807027White Sands,White Sands,Summer village
4601046Whitemouth,Whitemouth,Rural municipality
3549039Whitestone,Whitestone,Municipality
1001308Whiteway,Whiteway,Town
1304008Wickham,Wickham,Parish
4713069Wilkie,Wilkie,Town
4810056Willingdon,Willingdon,Village
4711016Willner No. 253,Willner No. 253,Rural municipality
4803018Willow Creek No. 26,Willow Creek No. 26,Municipal district
1208002Windsor,Windsor,Town
4618034Winnipeg Beach,Winnipeg Beach,Town
1001332Winterton,Winterton,Town
4704028Wise Creek No. 77,Wise Creek No. 77,Rural municipality
4705024Wolseley,Wolseley,Town
4705027Wolseley No. 155,Wolseley No. 155,Rural municipality
4813029Woodlands County,Woodlands County,Municipal district
2440017Wotton,Wotton,Municipalité
4711042Wreford No. 280,Wreford No. 280,Rural municipality
4711056Young,Young,Village
